2025-06-17 19:23:27,Person 129,Hardhat
2025-06-17 19:23:45,Person 322,Hardhat
2025-06-17 19:23:48,Person 354,Hardhat
2025-06-17 19:23:49,Person 363,Hardhat
2025-06-17 19:23:49,Person 367,Hardhat
2025-06-17 19:23:49,Person 375,Hardhat
2025-06-17 19:23:49,Person 378,Hardhat
2025-06-17 19:23:49,Person 380,Hardhat
2025-06-17 19:23:49,Person 385,Hardhat
2025-06-17 19:23:50,Person 389,Hardhat
2025-06-17 19:23:50,Person 393,Hardhat
2025-06-17 19:23:50,Person 401,Hardhat
2025-06-17 19:23:51,Person 409,Hardhat
2025-06-17 19:23:51,Person 416,Hardhat
2025-06-17 19:23:51,Person 423,Hardhat
2025-06-17 19:23:51,Person 431,Hardhat
2025-06-17 19:23:52,Person 435,Hardhat
2025-06-17 19:23:52,Person 442,Hardhat
2025-06-17 19:23:52,Person 449,Hardhat
2025-06-17 19:23:52,Person 456,Hardhat
2025-06-17 19:23:53,Person 463,Hardhat
2025-06-17 19:23:53,Person 471,Hardhat
2025-06-17 19:23:53,Person 478,Hardhat
2025-06-17 19:23:54,Person 485,Hardhat
2025-06-17 19:23:54,Person 491,Hardhat
2025-06-17 19:23:54,Person 497,Hardhat
2025-06-17 19:23:54,Person 504,Hardhat
2025-06-17 19:23:55,Person 511,Hardhat
2025-06-17 19:23:55,Person 515,Hardhat
2025-06-17 19:23:55,Person 520,Hardhat
2025-06-17 19:23:55,Person 527,Hardhat
2025-06-17 19:23:56,Person 535,Hardhat
2025-06-17 19:23:56,Person 541,Hardhat
2025-06-17 19:23:56,Person 544,Hardhat
2025-06-17 19:23:56,Person 549,Hardhat
2025-06-17 19:23:57,Person 554,Hardhat
2025-06-17 19:23:57,Person 559,Hardhat
2025-06-17 19:23:57,Person 564,Hardhat
2025-06-17 19:23:57,Person 569,Hardhat
2025-06-17 19:23:58,Person 576,Hardhat
2025-06-17 19:23:58,Person 581,Hardhat
2025-06-17 19:23:58,Person 586,Hardhat
2025-06-17 19:23:58,Person 591,Hardhat
2025-06-17 19:23:58,Person 597,Hardhat
2025-06-17 19:23:59,Person 602,Hardhat
2025-06-17 19:23:59,Person 607,Hardhat
2025-06-17 19:23:59,Person 612,Hardhat
2025-06-17 19:24:00,Person 616,Hardhat
2025-06-17 19:24:00,Person 623,Hardhat
2025-06-17 19:24:00,Person 631,Hardhat
2025-06-17 19:24:01,Person 636,Hardhat
2025-06-17 19:24:01,Person 642,Hardhat
2025-06-17 19:24:01,Person 651,Hardhat
2025-06-17 19:24:01,Person 655,Hardhat
2025-06-17 19:24:02,Person 659,Hardhat
2025-06-17 19:24:02,Person 667,Hardhat
2025-06-17 19:24:02,Person 674,Hardhat
2025-06-17 19:24:02,Person 679,Hardhat
2025-06-17 19:24:03,Person 686,Hardhat
2025-06-17 19:24:03,Person 691,Hardhat
2025-06-17 19:24:03,Person 696,Hardhat
2025-06-17 19:24:03,Person 700,Hardhat
2025-06-17 19:24:04,Person 708,Hardhat
2025-06-17 19:24:04,Person 720,Hardhat
2025-06-17 19:24:05,Person 725,Hardhat
2025-06-17 19:24:05,Person 729,Hardhat
2025-06-17 19:24:05,Person 734,Hardhat
2025-06-17 19:24:05,Person 741,Hardhat
2025-06-17 19:24:06,Person 750,Hardhat
2025-06-17 19:24:06,Person 754,Hardhat
2025-06-17 19:24:06,Person 759,Hardhat
2025-06-17 19:24:07,Person 765,Hardhat
2025-06-17 19:24:07,Person 770,Hardhat
2025-06-17 19:24:07,Person 777,Hardhat
2025-06-17 19:24:07,Person 781,Hardhat
2025-06-17 19:24:08,Person 789,Hardhat
2025-06-17 19:24:08,Person 796,Hardhat
2025-06-17 19:24:08,Person 803,Hardhat
2025-06-17 19:24:08,Person 809,Hardhat
2025-06-17 19:24:09,Person 816,Hardhat
2025-06-17 19:24:09,Person 823,Hardhat
2025-06-17 19:24:09,Person 829,Hardhat
2025-06-17 19:24:09,Person 837,Hardhat
2025-06-17 19:24:10,Person 844,Hardhat
2025-06-17 19:24:10,Person 849,Hardhat
2025-06-17 19:24:10,Person 856,Hardhat
2025-06-17 19:24:10,Person 861,Hardhat
2025-06-17 19:24:11,Person 867,Hardhat
2025-06-17 19:24:11,Person 874,Hardhat
2025-06-17 19:24:11,Person 880,Hardhat
2025-06-17 19:24:11,Person 886,Hardhat
2025-06-17 19:24:12,Person 892,Hardhat
2025-06-17 19:24:12,Person 898,Hardhat
2025-06-17 19:24:12,Person 904,Hardhat
2025-06-17 19:24:12,Person 910,Hardhat
2025-06-17 19:24:13,Person 916,Hardhat
2025-06-17 19:24:13,Person 922,Hardhat
2025-06-17 19:24:13,Person 928,Hardhat
2025-06-17 19:24:14,Person 935,Hardhat
2025-06-17 19:24:14,Person 942,Hardhat
2025-06-17 19:24:14,Person 951,Hardhat
2025-06-17 19:24:15,Person 958,Hardhat
2025-06-17 19:24:15,Person 965,Hardhat
2025-06-17 19:24:15,Person 971,Hardhat
2025-06-17 19:24:15,Person 977,Hardhat
2025-06-17 19:24:16,Person 984,Hardhat
2025-06-17 19:24:16,Person 989,Hardhat
2025-06-17 19:24:16,Person 995,Hardhat
2025-06-17 19:24:17,Person 1002,Hardhat
2025-06-17 19:24:17,Person 1008,Hardhat
2025-06-17 19:24:17,Person 1015,Hardhat
2025-06-17 19:24:17,Person 1019,Hardhat
2025-06-17 19:24:18,Person 1026,Hardhat
2025-06-17 19:24:18,Person 1032,Hardhat
2025-06-17 19:24:18,Person 1040,Hardhat
2025-06-17 19:24:19,Person 1046,Hardhat
2025-06-17 19:24:22,Person 1107,Hardhat
2025-06-17 19:24:22,Person 1108,Hardhat
2025-06-17 19:24:23,Person 1130,Hardhat
2025-06-17 19:24:23,Person 1137,Hardhat
2025-06-17 19:24:23,Person 1146,Hardhat
2025-06-17 19:24:23,Person 1148,Hardhat
2025-06-17 19:24:24,Person 1158,Hardhat
2025-06-17 19:24:24,Person 1165,Hardhat
2025-06-17 19:24:24,Person 1171,Hardhat
2025-06-17 19:24:25,Person 1176,Hardhat
2025-06-17 19:24:25,Person 1181,Hardhat
2025-06-17 19:24:25,Person 1187,Hardhat
2025-06-17 19:24:25,Person 1194,Hardhat
2025-06-17 19:25:28,Person 3,Hardhat
2025-06-17 19:25:28,Person 8,Hardhat
2025-06-17 19:25:28,Person 14,Hardhat
2025-06-17 19:25:28,Person 20,Hardhat
2025-06-17 19:25:29,Person 26,Hardhat
2025-06-17 19:25:29,Person 31,Hardhat
2025-06-17 19:25:29,Person 37,Hardhat
2025-06-17 19:25:29,Person 44,Hardhat
2025-06-17 19:25:30,Person 50,Hardhat
2025-06-17 19:25:30,Person 56,Hardhat
2025-06-17 19:25:30,Person 62,Hardhat
2025-06-17 19:25:30,Person 68,Hardhat
2025-06-17 19:25:31,Person 74,Hardhat
2025-06-17 19:25:31,Person 82,Hardhat
2025-06-17 19:25:31,Person 88,Hardhat
2025-06-17 19:25:31,Person 94,Hardhat
2025-06-17 19:25:31,Person 101,Hardhat
2025-06-17 19:25:32,Person 110,Hardhat
2025-06-17 19:25:32,Person 117,Hardhat
2025-06-17 19:25:32,Person 121,Hardhat
2025-06-17 19:25:32,Person 130,Hardhat
2025-06-17 19:25:33,Person 136,Hardhat
2025-06-17 19:25:33,Person 145,Hardhat
2025-06-17 19:25:33,Person 151,Hardhat
2025-06-17 19:25:33,Person 158,Hardhat
2025-06-17 19:25:34,Person 165,Hardhat
2025-06-17 19:25:34,Person 171,Hardhat
2025-06-17 19:25:34,Person 178,Hardhat
2025-06-17 19:25:34,Person 188,Hardhat
2025-06-17 19:25:35,Person 193,Hardhat
2025-06-17 19:25:35,Person 200,Hardhat
2025-06-17 19:25:35,Person 206,Hardhat
2025-06-17 19:25:36,Person 225,Hardhat
2025-06-17 19:25:36,Person 228,Hardhat
2025-06-17 19:25:36,Person 235,Hardhat
2025-06-17 19:25:37,Person 240,Hardhat
2025-06-17 19:25:38,Person 273,Hardhat
2025-06-17 19:25:39,Person 281,Hardhat
2025-06-17 19:25:39,Person 285,Hardhat
2025-06-17 19:25:39,Person 291,Hardhat
2025-06-17 19:25:39,Person 302,Hardhat
2025-06-17 19:25:40,Person 305,Hardhat
2025-06-17 19:25:40,Person 315,Hardhat
2025-06-17 19:25:40,Person 319,Hardhat
2025-06-17 19:25:40,Person 327,Hardhat
2025-06-17 19:25:41,Person 333,Hardhat
2025-06-17 19:25:41,Person 345,Hardhat
2025-06-17 19:25:41,Person 359,Hardhat
2025-06-17 19:25:42,Person 378,Hardhat
2025-06-17 19:25:42,Person 384,Hardhat
2025-06-17 19:25:43,Person 390,Hardhat
2025-06-17 19:25:43,Person 398,Hardhat
2025-06-17 19:25:43,Person 404,Hardhat
2025-06-17 19:25:43,Person 409,Hardhat
2025-06-17 19:25:44,Person 412,Hardhat
2025-06-17 19:25:44,Person 418,Hardhat
2025-06-17 19:25:44,Person 423,Hardhat
2025-06-17 19:25:48,Person 543,Hardhat
2025-06-17 19:25:49,Person 561,Hardhat
2025-06-17 19:25:49,Person 570,Hardhat
2025-06-17 19:25:49,Person 582,Hardhat
2025-06-17 19:25:51,Person 623,Hardhat
2025-06-17 19:25:51,Person 631,Hardhat
2025-06-17 19:25:52,Person 646,Hardhat
2025-06-17 19:25:52,Person 654,Hardhat
2025-06-17 19:25:52,Person 662,Hardhat
2025-06-17 19:25:52,Person 674,Hardhat
2025-06-17 19:25:53,Person 682,Hardhat
2025-06-17 19:25:53,Person 695,Hardhat
2025-06-17 19:25:57,Person 832,Hardhat
2025-06-17 19:25:58,Person 863,Hardhat
2025-06-17 19:26:03,Person 1019,Hardhat
2025-06-17 19:26:03,Person 1026,Hardhat
2025-06-17 19:26:03,Person 1029,Hardhat
2025-06-17 19:26:03,Person 1040,Hardhat
2025-06-17 19:26:04,Person 1047,Hardhat
2025-06-17 19:26:04,Person 1056,Hardhat
2025-06-17 19:26:04,Person 1068,Hardhat
2025-06-17 19:26:04,Person 1074,Hardhat
2025-06-17 19:26:05,Person 1082,Hardhat
2025-06-17 19:26:05,Person 1089,Hardhat
2025-06-17 19:26:05,Person 1101,Hardhat
2025-06-17 19:26:05,Person 1109,Hardhat
2025-06-17 19:26:06,Person 1124,Hardhat
2025-06-17 19:26:06,Person 1129,Hardhat
2025-06-17 19:26:10,Person 1222,Hardhat
2025-06-17 19:26:10,Person 1228,Hardhat
2025-06-17 19:26:11,Person 1234,Hardhat
2025-06-17 19:26:11,Person 1240,Hardhat
2025-06-17 19:26:11,Person 1245,Hardhat
2025-06-17 19:26:11,Person 1253,Hardhat
2025-06-17 19:26:12,Person 1257,Hardhat
2025-06-17 19:26:12,Person 1262,Hardhat
2025-06-17 19:26:12,Person 1267,Hardhat
2025-06-17 19:26:12,Person 1273,Hardhat
2025-06-17 19:26:13,Person 1278,Hardhat
2025-06-17 19:26:13,Person 1287,Hardhat
2025-06-17 19:26:17,Person 1347,Hardhat
2025-06-17 19:26:18,Person 1353,Hardhat
2025-06-17 19:26:18,Person 1355,Hardhat
2025-06-17 19:26:20,Person 1366,Hardhat
2025-06-17 19:26:20,Person 1369,Hardhat
2025-06-17 19:26:21,Person 1376,Hardhat
2025-06-17 19:26:21,Person 1380,Hardhat
2025-06-17 19:27:32,Person 2060,Hardhat
2025-06-17 19:42:50,Person 272,Hardhat
2025-06-17 19:42:50,Person 275,Hardhat
2025-06-17 19:42:50,Person 279,Hardhat
2025-06-17 19:42:51,Person 284,Hardhat
2025-06-17 19:42:51,Person 288,Hardhat
2025-06-17 19:42:51,Person 291,Hardhat
2025-06-17 19:42:52,Person 295,Hardhat
2025-06-17 19:42:52,Person 300,Hardhat
2025-06-17 19:42:52,Person 304,Hardhat
2025-06-17 19:42:53,Person 310,Hardhat
2025-06-17 19:42:53,Person 315,Hardhat
2025-06-17 19:42:53,Person 319,Hardhat
2025-06-17 19:42:53,Person 321,Hardhat
2025-06-17 19:42:54,Person 325,Hardhat
2025-06-17 19:42:54,Person 330,Hardhat
2025-06-17 19:42:54,Person 334,Hardhat
2025-06-17 19:42:55,Person 337,Hardhat
2025-06-17 19:42:55,Person 342,Hardhat
2025-06-17 19:42:55,Person 346,Hardhat
2025-06-17 19:42:56,Person 349,Hardhat
2025-06-17 19:42:56,Person 353,Hardhat
2025-06-17 19:42:56,Person 357,Hardhat
2025-06-17 19:42:57,Person 361,Hardhat
2025-06-17 19:42:57,Person 366,Hardhat
2025-06-17 19:42:57,Person 370,Hardhat
2025-06-17 19:42:57,Person 373,Hardhat
2025-06-17 19:42:58,Person 377,Hardhat
2025-06-17 19:42:58,Person 382,Hardhat
2025-06-17 19:42:58,Person 386,Hardhat
2025-06-17 19:42:59,Person 389,Hardhat
2025-06-17 19:42:59,Person 396,Hardhat
2025-06-17 19:42:59,Person 398,Hardhat
2025-06-17 19:43:02,Person 435,Hardhat
2025-06-17 19:43:02,Person 439,Hardhat
2025-06-17 19:43:02,Person 445,Hardhat
2025-06-17 19:43:02,Person 450,Hardhat
2025-06-17 19:43:03,Person 454,Hardhat
2025-06-17 19:43:03,Person 461,Hardhat
2025-06-17 19:43:03,Person 466,Hardhat
2025-06-17 19:43:04,Person 469,Hardhat
2025-06-17 19:43:10,Person 605,Hardhat
2025-06-17 19:43:10,Person 609,Hardhat
2025-06-17 19:43:10,Person 620,Hardhat
2025-06-17 19:43:14,Person 729,Hardhat
2025-06-17 19:43:15,Person 752,Hardhat
2025-06-17 19:43:16,Person 755,Hardhat
2025-06-17 19:43:16,Person 761,Hardhat
2025-06-17 19:43:16,Person 767,Hardhat
2025-06-17 19:43:16,Person 772,Hardhat
2025-06-17 19:43:16,Person 774,Hardhat
2025-06-17 19:43:17,Person 778,Hardhat
2025-06-17 19:43:17,Person 781,Hardhat
2025-06-17 19:43:17,Person 783,Hardhat
2025-06-17 19:43:17,Person 787,Hardhat
2025-06-17 19:43:18,Person 791,Hardhat
2025-06-17 19:43:18,Person 795,Hardhat
2025-06-17 19:43:18,Person 799,Hardhat
2025-06-17 19:43:18,Person 804,Hardhat
2025-06-17 19:43:18,Person 809,Hardhat
2025-06-17 19:45:14,Person 150,Hardhat
2025-06-17 19:45:15,Person 179,Hardhat
2025-06-17 19:45:16,Person 186,Hardhat
2025-06-17 19:45:16,Person 197,Hardhat
2025-06-17 19:45:16,Person 202,Hardhat
2025-06-17 19:45:16,Person 208,Hardhat
2025-06-17 19:45:17,Person 216,Hardhat
2025-06-17 19:45:17,Person 225,Hardhat
2025-06-17 19:45:17,Person 234,Hardhat
2025-06-17 19:45:17,Person 241,Hardhat
2025-06-17 19:45:18,Person 251,Hardhat
2025-06-17 19:45:18,Person 258,Hardhat
2025-06-17 19:45:18,Person 267,Hardhat
2025-06-17 19:45:18,Person 276,Hardhat
2025-06-17 19:45:19,Person 284,Hardhat
2025-06-17 19:45:19,Person 292,Hardhat
2025-06-17 19:45:19,Person 297,Hardhat
2025-06-17 19:45:19,Person 304,Hardhat
2025-06-17 19:45:19,Person 312,Hardhat
2025-06-17 19:45:20,Person 328,Hardhat
2025-06-17 19:45:20,Person 331,Hardhat
2025-06-17 19:45:20,Person 345,Hardhat
2025-06-17 19:45:21,Person 354,Hardhat
2025-06-17 19:45:23,Person 396,Hardhat
2025-06-17 19:45:23,Person 403,Hardhat
2025-06-17 19:45:23,Person 406,Hardhat
2025-06-17 19:45:24,Person 424,Hardhat
2025-06-17 19:45:24,Person 428,Hardhat
2025-06-17 19:45:24,Person 437,Hardhat
2025-06-17 19:45:25,Person 444,Hardhat
2025-06-17 19:45:25,Person 448,Hardhat
2025-06-17 19:45:25,Person 453,Hardhat
2025-06-17 19:45:26,Person 461,Hardhat
2025-06-17 19:45:26,Person 470,Hardhat
2025-06-17 19:45:26,Person 478,Hardhat
2025-06-17 19:45:26,Person 488,Hardhat
2025-06-17 19:45:27,Person 495,Hardhat
2025-06-17 19:45:27,Person 503,Hardhat
2025-06-17 19:45:27,Person 511,Hardhat
2025-06-17 19:45:28,Person 523,Hardhat
2025-06-17 19:45:28,Person 530,Hardhat
2025-06-17 19:45:28,Person 531,Hardhat
2025-06-17 19:45:29,Person 538,Hardhat
2025-06-17 19:45:29,Person 543,Hardhat
2025-06-17 19:45:29,Person 549,Hardhat
2025-06-17 19:45:29,Person 555,Hardhat
2025-06-17 19:45:30,Person 561,Hardhat
2025-06-17 19:45:30,Person 567,Hardhat
2025-06-17 19:45:30,Person 573,Hardhat
2025-06-17 19:45:30,Person 582,Hardhat
2025-06-17 19:45:31,Person 587,Hardhat
2025-06-17 19:45:31,Person 594,Hardhat
2025-06-17 19:45:31,Person 603,Hardhat
2025-06-17 19:45:31,Person 614,Hardhat
2025-06-17 19:45:32,Person 627,Hardhat
2025-06-17 19:46:11,Person 1602,Hardhat
2025-06-17 19:46:28,Person 1939,Hardhat
2025-06-17 19:46:29,Person 1959,Hardhat
2025-06-18 08:48:31,Person 134,Hardhat
2025-06-18 08:48:31,Person 141,Hardhat
2025-06-18 08:48:31,Person 146,Hardhat
2025-06-18 08:48:32,Person 151,Hardhat
2025-06-18 08:48:32,Person 154,Hardhat
2025-06-18 08:48:32,Person 159,Hardhat
2025-06-18 08:48:32,Person 164,Hardhat
2025-06-18 08:48:33,Person 169,Hardhat
2025-06-18 08:48:33,Person 174,Hardhat
2025-06-18 08:48:33,Person 178,Hardhat
2025-06-18 08:48:33,Person 181,Hardhat
2025-06-18 08:48:34,Person 186,Hardhat
2025-06-18 08:48:34,Person 190,Hardhat
2025-06-18 08:48:34,Person 194,Hardhat
2025-06-18 08:48:35,Person 198,Hardhat
2025-06-18 08:48:35,Person 201,Hardhat
2025-06-18 08:48:35,Person 205,Hardhat
2025-06-18 08:48:35,Person 210,Hardhat
2025-06-18 08:48:36,Person 215,Hardhat
2025-06-18 08:48:36,Person 218,Hardhat
2025-06-18 08:48:36,Person 222,Hardhat
2025-06-18 08:48:37,Person 225,Hardhat
2025-06-18 08:48:37,Person 231,Hardhat
2025-06-18 08:48:37,Person 235,Hardhat
2025-06-18 08:48:37,Person 239,Hardhat
2025-06-18 08:48:38,Person 243,Hardhat
2025-06-18 08:48:38,Person 246,Hardhat
2025-06-18 08:48:38,Person 250,Hardhat
2025-06-18 08:48:38,Person 254,Hardhat
2025-06-18 08:48:39,Person 259,Hardhat
2025-06-18 08:48:39,Person 263,Hardhat
2025-06-18 08:48:39,Person 267,Hardhat
2025-06-18 08:48:40,Person 272,Hardhat
2025-06-18 08:48:40,Person 275,Hardhat
2025-06-18 08:48:40,Person 280,Hardhat
2025-06-18 08:48:40,Person 284,Hardhat
2025-06-18 08:48:41,Person 288,Hardhat
2025-06-18 08:48:41,Person 292,Hardhat
2025-06-18 08:48:41,Person 298,Hardhat
2025-06-18 08:48:43,Person 319,Hardhat
2025-06-18 08:48:43,Person 320,Hardhat
2025-06-18 08:48:44,Person 327,Hardhat
2025-06-18 08:48:44,Person 328,Hardhat
2025-06-18 08:48:45,Person 346,Hardhat
2025-06-18 08:48:46,Person 349,Hardhat
2025-06-18 08:48:46,Person 353,Hardhat
2025-06-18 08:48:46,Person 358,Hardhat
2025-06-18 08:48:48,Person 381,Hardhat
2025-06-18 08:48:49,Person 385,Hardhat
2025-06-18 08:48:49,Person 388,Hardhat
2025-06-18 08:48:49,Person 391,Hardhat
2025-06-18 08:48:50,Person 395,Hardhat
2025-06-18 08:48:50,Person 400,Hardhat
2025-06-18 08:48:50,Person 402,Hardhat
2025-06-18 08:48:50,Person 404,Hardhat
2025-06-18 08:48:51,Person 407,Hardhat
2025-06-18 08:48:51,Person 409,Hardhat
2025-06-18 08:48:51,Person 412,Hardhat
2025-06-18 08:48:51,Person 415,Hardhat
2025-06-18 08:48:52,Person 417,Hardhat
2025-06-18 08:48:52,Person 418,Hardhat
2025-06-18 08:48:52,Person 421,Hardhat
2025-06-18 08:48:53,Person 422,Hardhat
2025-06-18 08:48:53,Person 424,Hardhat
2025-06-18 08:48:53,Person 426,Hardhat
2025-06-18 08:48:54,Person 429,Hardhat
2025-06-18 08:48:54,Person 433,Hardhat
2025-06-18 08:48:54,Person 435,Hardhat
2025-06-18 08:48:54,Person 439,Hardhat
2025-06-18 08:48:55,Person 442,Hardhat
2025-06-18 08:48:55,Person 445,Hardhat
2025-06-18 08:48:55,Person 449,Hardhat
2025-06-18 08:48:55,Person 451,Hardhat
2025-06-18 08:48:56,Person 454,Hardhat
2025-06-18 08:48:56,Person 456,Hardhat
2025-06-18 08:48:56,Person 460,Hardhat
2025-06-18 08:48:56,Person 463,Hardhat
2025-06-18 08:48:57,Person 467,Hardhat
2025-06-18 08:48:57,Person 470,Hardhat
2025-06-18 08:48:58,Person 475,Hardhat
2025-06-18 08:48:58,Person 477,Hardhat
2025-06-18 08:48:59,Person 480,Hardhat
2025-06-18 08:48:59,Person 481,Hardhat
2025-06-18 08:48:59,Person 486,Hardhat
2025-06-18 08:49:00,Person 488,Hardhat
2025-06-18 08:49:01,Person 499,Hardhat
2025-06-18 08:49:01,Person 500,Hardhat
2025-06-18 08:49:02,Person 502,Hardhat
2025-06-18 08:49:02,Person 504,Hardhat
2025-06-18 08:49:02,Person 506,Hardhat
2025-06-18 08:49:02,Person 509,Hardhat
2025-06-18 08:49:03,Person 513,Hardhat
2025-06-18 08:49:03,Person 516,Hardhat
2025-06-18 08:49:03,Person 519,Hardhat
2025-06-18 08:49:04,Person 522,Hardhat
2025-06-18 08:49:04,Person 526,Hardhat
2025-06-18 08:49:04,Person 530,Hardhat
2025-06-18 08:49:05,Person 534,Hardhat
2025-06-18 08:49:05,Person 537,Hardhat
2025-06-18 08:49:05,Person 541,Hardhat
2025-06-18 08:49:05,Person 544,Hardhat
2025-06-18 08:49:06,Person 547,Hardhat
2025-06-18 08:49:06,Person 554,Hardhat
2025-06-18 08:49:07,Person 559,Hardhat
2025-06-18 08:49:07,Person 565,Hardhat
2025-06-18 08:49:07,Person 568,Hardhat
2025-06-18 08:49:08,Person 571,Hardhat
2025-06-18 08:49:08,Person 574,Hardhat
2025-06-18 11:36:58,Person 393,Hardhat
2025-06-19 18:18:54,Person 551,Hardhat
2025-06-19 18:18:54,Person 561,Hardhat
2025-06-19 18:18:55,Person 570,Hardhat
2025-06-19 18:18:56,Person 603,Hardhat
2025-06-19 18:18:56,Person 619,Hardhat
2025-06-19 18:18:56,Person 630,Hardhat
2025-06-19 18:18:57,Person 647,Hardhat
2025-06-19 18:18:57,Person 656,Hardhat
2025-06-19 18:18:58,Person 663,Hardhat
2025-06-19 18:18:58,Person 674,Hardhat
2025-06-19 18:19:06,Person 833,Hardhat
2025-06-19 18:19:07,Person 840,Hardhat
2025-06-19 18:19:07,Person 850,Hardhat
2025-06-19 18:19:07,Person 857,Hardhat
2025-06-19 18:19:08,Person 865,Hardhat
2025-06-19 18:19:08,Person 871,Hardhat
2025-06-19 18:19:09,Person 890,Hardhat
2025-06-19 18:19:09,Person 902,Hardhat
2025-06-19 18:19:10,Person 916,Hardhat
2025-06-19 18:19:11,Person 933,Hardhat
2025-06-19 18:19:11,Person 941,Hardhat
2025-06-19 18:19:11,Person 949,Hardhat
2025-06-19 18:19:12,Person 957,Hardhat
2025-06-19 18:19:12,Person 965,Hardhat
2025-06-19 18:19:13,Person 991,Hardhat
2025-06-19 18:19:15,Person 1020,Hardhat
2025-06-19 18:19:15,Person 1027,Hardhat
2025-06-19 18:19:15,Person 1036,Hardhat
2025-06-19 18:19:15,Person 1042,Hardhat
2025-06-19 18:19:16,Person 1050,Hardhat
2025-06-19 18:19:16,Person 1058,Hardhat
2025-06-19 18:19:16,Person 1067,Hardhat
2025-06-19 18:19:16,Person 1074,Hardhat
2025-06-19 18:19:17,Person 1082,Hardhat
2025-06-19 18:19:17,Person 1089,Hardhat
2025-06-19 18:19:17,Person 1096,Hardhat
2025-06-19 18:19:18,Person 1105,Hardhat
2025-06-19 18:19:18,Person 1109,Hardhat
2025-06-19 18:19:18,Person 1118,Hardhat
2025-06-19 18:19:18,Person 1126,Hardhat
2025-06-19 18:19:19,Person 1134,Hardhat
2025-06-19 18:19:19,Person 1140,Hardhat
2025-06-19 18:19:19,Person 1146,Hardhat
2025-06-19 18:19:20,Person 1154,Hardhat
2025-06-19 18:19:20,Person 1160,Hardhat
2025-06-19 18:19:20,Person 1165,Hardhat
2025-06-19 18:19:20,Person 1171,Hardhat
2025-06-19 18:19:21,Person 1182,Hardhat
2025-06-19 18:19:22,Person 1196,Hardhat
2025-06-19 18:19:22,Person 1203,Hardhat
2025-06-19 18:19:23,Person 1209,Hardhat
2025-06-19 18:19:23,Person 1217,Hardhat
2025-06-19 18:19:23,Person 1223,Hardhat
2025-06-19 18:19:23,Person 1231,Hardhat
2025-06-19 18:19:24,Person 1234,Hardhat
2025-06-19 18:19:24,Person 1241,Hardhat
2025-06-19 18:19:24,Person 1248,Hardhat
2025-06-19 18:19:25,Person 1254,Hardhat
2025-06-19 18:19:25,Person 1262,Hardhat
2025-06-19 18:19:25,Person 1268,Hardhat
2025-06-19 18:19:25,Person 1272,Hardhat
2025-06-19 18:19:26,Person 1280,Hardhat
2025-06-19 18:19:26,Person 1287,Hardhat
2025-06-19 18:19:26,Person 1297,Hardhat
2025-06-19 18:19:27,Person 1308,Hardhat
2025-06-19 18:19:27,Person 1315,Hardhat
2025-06-19 18:19:27,Person 1322,Hardhat
2025-06-19 18:19:28,Person 1329,Hardhat
2025-06-19 18:19:28,Person 1335,Hardhat
2025-06-19 18:19:28,Person 1341,Hardhat
2025-06-19 18:20:22,Person 2303,Hardhat
2025-06-19 18:21:43,Person 5,Hardhat
2025-06-19 18:21:45,Person 23,Hardhat
2025-06-19 18:21:46,Person 32,Hardhat
2025-06-19 18:21:46,Person 40,Hardhat
2025-06-19 18:21:47,Person 50,Hardhat
2025-06-19 18:21:47,Person 60,Hardhat
2025-06-19 18:21:47,Person 67,Hardhat
2025-06-19 18:21:48,Person 73,Hardhat
2025-06-19 18:21:48,Person 77,Hardhat
2025-06-19 18:21:50,Person 98,Hardhat
2025-06-19 18:21:51,Person 105,Hardhat
2025-06-19 18:21:51,Person 114,Hardhat
2025-06-19 18:21:52,Person 124,Hardhat
2025-06-19 18:21:52,Person 133,Hardhat
2025-06-19 18:21:52,Person 145,Hardhat
2025-06-19 18:21:53,Person 151,Hardhat
2025-06-19 18:21:53,Person 161,Hardhat
2025-06-19 18:21:54,Person 169,Hardhat
2025-06-19 18:21:54,Person 174,Hardhat
2025-06-19 18:21:54,Person 189,Hardhat
2025-06-19 18:21:55,Person 192,Hardhat
2025-06-19 18:21:55,Person 202,Hardhat
2025-06-19 18:21:55,Person 209,Hardhat
2025-06-19 18:21:56,Person 222,Hardhat
2025-06-19 18:21:56,Person 231,Hardhat
2025-06-19 18:21:56,Person 239,Hardhat
2025-06-19 18:21:56,Person 243,Hardhat
2025-06-19 18:21:57,Person 249,Hardhat
2025-06-19 18:21:57,Person 253,Hardhat
2025-06-19 18:21:57,Person 257,Hardhat
2025-06-19 18:21:58,Person 264,Hardhat
2025-06-19 18:21:58,Person 267,Hardhat
2025-06-19 18:21:58,Person 269,Hardhat
2025-06-19 18:21:58,Person 273,Hardhat
2025-06-19 18:21:58,Person 277,Hardhat
2025-06-19 18:22:01,Person 299,Hardhat
2025-06-19 18:22:02,Person 302,Hardhat
2025-06-19 18:22:02,Person 306,Hardhat
2025-06-19 18:22:02,Person 313,Hardhat
2025-06-19 18:22:02,Person 322,Hardhat
2025-06-19 18:22:03,Person 327,Hardhat
2025-06-19 18:22:03,Person 330,Hardhat
2025-06-19 18:22:03,Person 336,Hardhat
2025-06-19 18:22:04,Person 339,Hardhat
2025-06-19 18:22:04,Person 342,Hardhat
2025-06-19 18:22:04,Person 347,Hardhat
2025-06-19 18:22:04,Person 349,Hardhat
2025-06-19 18:22:05,Person 357,Hardhat
2025-06-19 18:22:07,Person 370,Hardhat
2025-06-19 18:22:07,Person 376,Hardhat
2025-06-19 18:22:07,Person 381,Hardhat
2025-06-19 18:22:08,Person 388,Hardhat
2025-06-19 18:22:08,Person 398,Hardhat
2025-06-19 18:22:08,Person 405,Hardhat
2025-06-19 18:22:09,Person 407,Hardhat
2025-06-19 18:22:09,Person 413,Hardhat
2025-06-19 18:22:09,Person 420,Hardhat
2025-06-19 18:22:10,Person 430,Hardhat
2025-06-19 18:22:10,Person 436,Hardhat
2025-06-19 18:22:11,Person 440,Hardhat
2025-06-19 18:22:11,Person 445,Hardhat
2025-06-19 18:22:11,Person 451,Hardhat
2025-06-19 18:22:12,Person 454,Hardhat
2025-06-19 18:22:12,Person 460,Hardhat
2025-06-19 18:22:12,Person 462,Hardhat
2025-06-19 18:22:13,Person 470,Hardhat
2025-06-19 18:22:13,Person 476,Hardhat
2025-06-19 18:22:14,Person 480,Hardhat
2025-06-19 18:22:14,Person 483,Hardhat
2025-06-19 18:22:14,Person 489,Hardhat
2025-06-19 18:22:15,Person 495,Hardhat
2025-06-19 18:22:15,Person 500,Hardhat
2025-06-19 18:22:16,Person 504,Hardhat
2025-06-19 18:22:16,Person 508,Hardhat
2025-06-19 18:22:16,Person 511,Hardhat
2025-06-19 18:22:17,Person 515,Hardhat
2025-06-19 18:22:17,Person 519,Hardhat
2025-06-19 18:22:17,Person 525,Hardhat
2025-06-19 18:22:18,Person 528,Hardhat
2025-06-19 18:22:18,Person 532,Hardhat
2025-06-19 18:22:18,Person 538,Hardhat
2025-06-19 18:22:18,Person 543,Hardhat
2025-06-19 18:22:18,Person 546,Hardhat
2025-06-19 18:22:19,Person 550,Hardhat
2025-06-19 18:22:19,Person 557,Hardhat
2025-06-19 18:22:20,Person 564,Hardhat
2025-06-19 18:22:20,Person 568,Hardhat
2025-06-19 18:22:20,Person 572,Hardhat
2025-06-19 18:22:21,Person 577,Hardhat
2025-06-19 18:22:22,Person 584,Hardhat
2025-06-19 18:22:22,Person 589,Hardhat
2025-06-19 18:23:24,Person 9,Hardhat
2025-06-19 18:23:24,Person 12,Hardhat
2025-06-19 18:23:24,Person 20,Hardhat
2025-06-19 18:23:24,Person 28,Hardhat
2025-06-19 18:23:25,Person 39,Hardhat
2025-06-19 18:23:25,Person 46,Hardhat
2025-06-19 18:23:25,Person 60,Hardhat
2025-06-19 18:23:26,Person 65,Hardhat
2025-06-19 18:23:26,Person 69,Hardhat
2025-06-19 18:23:26,Person 76,Hardhat
2025-06-19 18:23:26,Person 84,Hardhat
2025-06-19 18:23:27,Person 91,Hardhat
2025-06-19 18:23:27,Person 98,Hardhat
2025-06-19 18:23:27,Person 103,Hardhat
2025-06-19 18:23:28,Person 115,Hardhat
2025-06-19 18:23:28,Person 121,Hardhat
2025-06-19 18:23:29,Person 123,Hardhat
2025-06-19 18:23:29,Person 129,Hardhat
2025-06-19 18:23:29,Person 140,Hardhat
2025-06-19 18:23:29,Person 145,Hardhat
2025-06-19 18:23:30,Person 149,Hardhat
2025-06-19 18:23:30,Person 154,Hardhat
2025-06-19 18:23:30,Person 159,Hardhat
2025-06-19 18:23:31,Person 164,Hardhat
2025-06-19 18:23:31,Person 170,Hardhat
2025-06-19 18:23:31,Person 178,Hardhat
2025-06-19 18:23:31,Person 187,Hardhat
2025-06-19 18:23:32,Person 194,Hardhat
2025-06-19 18:23:32,Person 199,Hardhat
2025-06-19 18:23:32,Person 204,Hardhat
2025-06-19 18:23:33,Person 207,Hardhat
2025-06-19 18:23:33,Person 213,Hardhat
2025-06-19 18:23:33,Person 217,Hardhat
2025-06-19 18:23:33,Person 222,Hardhat
2025-06-19 18:23:34,Person 227,Hardhat
2025-06-19 18:23:34,Person 232,Hardhat
2025-06-19 18:23:34,Person 238,Hardhat
2025-06-19 18:23:35,Person 243,Hardhat
2025-06-19 18:23:35,Person 248,Hardhat
2025-06-19 18:23:35,Person 252,Hardhat
2025-06-19 18:23:35,Person 256,Hardhat
2025-06-19 18:23:36,Person 259,Hardhat
2025-06-19 18:23:36,Person 264,Hardhat
2025-06-19 18:23:36,Person 269,Hardhat
2025-06-19 18:23:36,Person 273,Hardhat
2025-06-19 18:23:37,Person 276,Hardhat
2025-06-19 18:23:37,Person 281,Hardhat
2025-06-19 18:23:37,Person 284,Hardhat
2025-06-19 18:23:37,Person 288,Hardhat
2025-06-19 18:23:38,Person 292,Hardhat
2025-06-19 18:23:39,Person 306,Hardhat
2025-06-19 18:23:39,Person 314,Hardhat
2025-06-19 18:23:40,Person 324,Hardhat
2025-06-19 18:23:41,Person 327,Hardhat
2025-06-19 18:23:41,Person 329,Hardhat
2025-06-19 18:23:42,Person 338,Hardhat
2025-06-19 18:23:42,Person 345,Hardhat
2025-06-19 18:23:43,Person 351,Hardhat
2025-06-19 18:23:43,Person 357,Hardhat
2025-06-19 18:23:44,Person 365,Hardhat
2025-06-19 18:23:45,Person 382,Hardhat
2025-06-19 18:23:45,Person 387,Hardhat
2025-06-19 18:23:46,Person 388,Hardhat
2025-06-19 18:23:46,Person 393,Hardhat
2025-06-19 18:23:47,Person 396,Hardhat
2025-06-19 18:23:48,Person 399,Hardhat
2025-06-19 18:23:48,Person 403,Hardhat
2025-06-19 18:23:48,Person 406,Hardhat
2025-06-19 18:23:49,Person 411,Hardhat
2025-06-19 18:23:49,Person 416,Hardhat
2025-06-19 18:23:49,Person 417,Hardhat
2025-06-19 18:23:49,Person 419,Hardhat
2025-06-19 18:23:49,Person 420,Hardhat
2025-06-19 18:23:49,Person 423,Hardhat
2025-06-19 18:23:50,Person 427,Hardhat
2025-06-19 18:23:50,Person 432,Hardhat
2025-06-19 18:23:50,Person 435,Hardhat
2025-06-19 18:23:51,Person 440,Hardhat
2025-06-19 18:23:51,Person 444,Hardhat
2025-06-19 18:23:51,Person 448,Hardhat
2025-06-19 18:23:51,Person 449,Hardhat
2025-06-19 18:23:51,Person 453,Hardhat
2025-06-19 18:23:52,Person 454,Hardhat
2025-06-19 18:23:52,Person 457,Hardhat
2025-06-19 18:23:52,Person 459,Hardhat
2025-06-19 18:23:52,Person 462,Hardhat
2025-06-19 18:23:52,Person 466,Hardhat
2025-06-19 18:23:52,Person 470,Hardhat
2025-06-19 18:23:52,Person 472,Hardhat
2025-06-19 18:23:53,Person 475,Hardhat
2025-06-19 18:23:53,Person 478,Hardhat
2025-06-19 18:23:53,Person 482,Hardhat
2025-06-19 18:23:53,Person 486,Hardhat
2025-06-19 18:23:53,Person 487,Hardhat
2025-06-19 18:23:53,Person 492,Hardhat
2025-06-19 18:23:53,Person 493,Hardhat
2025-06-19 18:23:53,Person 498,Hardhat
2025-06-19 18:23:54,Person 499,Hardhat
2025-06-19 18:23:54,Person 503,Hardhat
2025-06-19 18:23:54,Person 504,Hardhat
2025-06-19 18:23:54,Person 508,Hardhat
2025-06-19 18:23:54,Person 510,Hardhat
2025-06-19 18:23:54,Person 514,Hardhat
2025-06-19 18:23:55,Person 515,Hardhat
2025-06-19 18:23:55,Person 518,Hardhat
2025-06-19 18:23:55,Person 519,Hardhat
2025-06-19 18:23:55,Person 523,Hardhat
2025-06-19 18:23:55,Person 526,Hardhat
2025-06-19 18:23:56,Person 529,Hardhat
2025-06-19 18:23:56,Person 533,Hardhat
2025-06-19 18:23:56,Person 538,Hardhat
2025-06-19 18:23:56,Person 539,Hardhat
2025-06-19 18:23:56,Person 544,Hardhat
2025-06-19 18:23:57,Person 550,Hardhat
2025-06-19 18:23:57,Person 554,Hardhat
2025-06-19 18:23:57,Person 558,Hardhat
2025-06-19 18:23:57,Person 562,Hardhat
2025-06-19 18:23:58,Person 566,Hardhat
2025-06-19 18:23:58,Person 571,Hardhat
2025-06-19 18:23:58,Person 576,Hardhat
2025-06-19 18:23:58,Person 580,Hardhat
2025-06-19 18:23:59,Person 583,Hardhat
2025-06-19 18:23:59,Person 588,Hardhat
2025-06-19 18:23:59,Person 592,Hardhat
2025-06-19 18:24:00,Person 597,Hardhat
2025-06-19 18:24:00,Person 600,Hardhat
2025-06-19 18:24:00,Person 605,Hardhat
2025-06-19 18:24:01,Person 608,Hardhat
2025-06-19 18:24:01,Person 612,Hardhat
2025-06-19 18:24:01,Person 614,Hardhat
2025-06-19 18:24:01,Person 619,Hardhat
2025-06-19 18:24:02,Person 623,Hardhat
2025-06-19 18:24:02,Person 627,Hardhat
2025-06-19 18:24:02,Person 631,Hardhat
2025-06-19 18:24:03,Person 634,Hardhat
2025-06-19 18:24:03,Person 639,Hardhat
2025-06-19 18:24:03,Person 644,Hardhat
2025-06-19 18:24:03,Person 647,Hardhat
2025-06-19 18:24:04,Person 650,Hardhat
2025-06-19 18:24:04,Person 654,Hardhat
2025-06-19 18:24:04,Person 658,Hardhat
2025-06-19 18:24:04,Person 661,Hardhat
2025-06-19 18:24:05,Person 662,Hardhat
2025-06-19 18:24:05,Person 667,Hardhat
2025-06-19 18:24:05,Person 671,Hardhat
2025-06-19 18:24:05,Person 675,Hardhat
2025-06-19 18:24:06,Person 679,Hardhat
2025-06-19 18:24:06,Person 682,Hardhat
2025-06-19 18:24:06,Person 685,Hardhat
2025-06-19 18:24:06,Person 689,Hardhat
2025-06-19 18:24:06,Person 692,Hardhat
2025-06-19 18:24:07,Person 695,Hardhat
2025-06-19 18:24:07,Person 699,Hardhat
2025-06-19 18:24:07,Person 702,Hardhat
2025-06-19 18:24:07,Person 705,Hardhat
2025-06-19 18:24:08,Person 708,Hardhat
2025-06-19 18:24:09,Person 711,Hardhat
2025-06-19 18:24:09,Person 715,Hardhat
2025-06-19 18:24:09,Person 718,Hardhat
2025-06-19 18:24:09,Person 722,Hardhat
2025-06-19 18:24:10,Person 725,Hardhat
2025-06-19 18:24:10,Person 729,Hardhat
2025-06-19 18:24:10,Person 733,Hardhat
2025-06-19 18:24:10,Person 735,Hardhat
2025-06-19 18:24:15,Person 800,Hardhat
2025-06-19 18:24:16,Person 815,Hardhat
